{
    "Ar36": {
        "error": 0.0016774202571632636, 
        "filter_outliers_dict": {
            "filter_outliers": true, 
            "iterations": 2, 
            "std_devs": 2
        }, 
        "fit": "Parabolic", 
        "value": 0.6799284844382742
    }, 
    "Ar37": {
        "error": 0.04383478470391128, 
        "filter_outliers_dict": {
            "filter_outliers": true, 
            "iterations": 2, 
            "std_devs": 2
        }, 
        "fit": "linear", 
        "value": 615.0359591469631
    }, 
    "Ar38": {
        "error": 0.012811737729870763, 
        "filter_outliers_dict": {
            "filter_outliers": true, 
            "iterations": 2, 
            "std_devs": 2
        }, 
        "fit": "linear", 
        "value": 5.4107411771403555
    }, 
    "Ar39": {
        "error": 0.030764095498883016, 
        "filter_outliers_dict": {
            "filter_outliers": true, 
            "iterations": 2, 
            "std_devs": 2
        }, 
        "fit": "Parabolic", 
        "value": 123.97039863976235
    }, 
    "Ar40": {
        "error": 0.058811517079484864, 
        "filter_outliers_dict": {
            "filter_outliers": true, 
            "iterations": 2, 
            "std_devs": 2
        }, 
        "fit": "Parabolic", 
        "value": 605.5941728519531
    }
}