{
    "Ar36": {
        "error": 0.00024847886480184055, 
        "filter_outliers_dict": {
            "filter_outliers": true, 
            "iterations": 2, 
            "std_devs": 2
        }, 
        "fit": "Parabolic", 
        "value": 0.005593024883009578
    }, 
    "Ar37": {
        "error": 0.012791951976432799, 
        "filter_outliers_dict": {
            "filter_outliers": true, 
            "iterations": 2, 
            "std_devs": 2
        }, 
        "fit": "linear", 
        "value": 0.5232134205749944
    }, 
    "Ar38": {
        "error": 0.013132561297431533, 
        "filter_outliers_dict": {
            "filter_outliers": true, 
            "iterations": 2, 
            "std_devs": 2
        }, 
        "fit": "linear", 
        "value": -0.10816537362963605
    }, 
    "Ar39": {
        "error": 0.025773394262748085, 
        "filter_outliers_dict": {
            "filter_outliers": true, 
            "iterations": 2, 
            "std_devs": 2
        }, 
        "fit": "Parabolic", 
        "value": 0.06184330605371394
    }, 
    "Ar40": {
        "error": 0.018492098484981106, 
        "filter_outliers_dict": {
            "filter_outliers": true, 
            "iterations": 2, 
            "std_devs": 2
        }, 
        "fit": "Parabolic", 
        "value": 1.0747823997338368
    }
}